{
  "camera_data": {
    "aperture": [
      20.954999923706055,
      15.290800094604492
    ],
    "aperture_offset": [
      0.0,
      0.0
    ],
    "focal_length": 24.0,
    "resolution": [
      640,
      480
    ],
    "meters_per_scene_unit": 1.0,
    "intrinsics": {
      "fx": 732.9992868491247,
      "fy": 732.9992868491247,
      "cx": 320.0,
      "cy": 240.0
    },
    "camera_view_matrix": [
      [
        0.93165,
        -0.1323,
        0.33842,
        -0.0
      ],
      [
        -0.1323,
        0.74394,
        0.65502,
        0.0
      ],
      [
        -0.33842,
        -0.65502,
        0.67558,
        0.0
      ],
      [
        1.51593,
        -0.46588,
        -0.18045,
        1.0
      ]
    ],
    "camera_projection_matrix": [
      [
        2.29062,
        0.0,
        0.0,
        0.0
      ],
      [
        0.0,
        3.05416,
        0.0,
        0.0
      ],
      [
        0.0,
        0.0,
        0.0,
        -1.0
      ],
      [
        0.0,
        0.0,
        0.01,
        0.0
      ]
    ]
  },
  "keypoint_order": [
    "Center",
    "LDB",
    "LDF",
    "LUB",
    "LUF",
    "RDB",
    "RDF",
    "RUB",
    "RUF"
  ],
  "objects": [
    {
      "label": "mustard_bottle",
      "prim_path": "/World/Labeled/mustard_bottle",
      "visibility": 1.0,
      "local_to_world_transform": [
        [
          0.7326691150665283,
          0.35062721371650696,
          -0.5833151340484619,
          0.0
        ],
        [
          0.25367647409439087,
          0.654624879360199,
          0.7121196985244751,
          0.0
        ],
        [
          0.6315411329269409,
          -0.6697214245796204,
          0.3906775712966919,
          0.0
        ],
        [
          -2.1642825603485107,
          -0.21846473217010498,
          -0.9475448131561279,
          1.0
        ]
      ],
      "location_world_frame": [
        -2.1642825603485107,
        -0.21846473217010498,
        -0.9475448131561279
      ],
      "rotation_matrix_world_frame": [
        [
          0.7326691150665283,
          0.35062721371650696,
          -0.5833151340484619
        ],
        [
          0.25367647409439087,
          0.654624879360199,
          0.7121196985244751
        ],
        [
          0.6315411329269409,
          -0.6697214245796204,
          0.3906775712966919
        ]
      ],
      "quat_wxyz_world_frame": [
        0.8333624028161664,
        0.41453788773588285,
        0.36444417164232856,
        0.029084204645741858
      ],
      "location_camera_frame": [
        -1.285753883440168,
        0.12893684901618724,
        -2.2340760327011
      ],
      "rotation_matrix_camera_frame": [
        [
          0.862756636862329,
          0.01340757941396455,
          -0.5054416085813513
        ],
        [
          0.5054637812598806,
          0.0019287540102443678,
          0.8628456485236143
        ],
        [
          0.012543510052725313,
          -0.9999082352591849,
          -0.005112972658371571
        ]
      ],
      "quat_wxyz_camera_frame": [
        0.6818306991549025,
        0.6829972305339496,
        0.1899243965665833,
        -0.1804173061591129
      ],
      "size": [
        0.09602427610044072,
        0.1913009816342182,
        0.05824911500901489
      ],
      "cuboid_keypoints_world_frame": [
        [
          -2.164282702997337,
          -0.2184648676219645,
          -0.9475440519227334
        ],
        [
          -2.24211734965413,
          -0.27840908229251937,
          -0.9990307581465316
        ],
        [
          -2.205330636978921,
          -0.3174197632029774,
          -0.976274134999386
        ],
        [
          -2.1935887894774595,
          -0.15317869597235756,
          -0.8628015561040172
        ],
        [
          -2.1568020768022507,
          -0.19218937688281557,
          -0.8400449329568715
        ],
        [
          -2.171763329192423,
          -0.2447403583611134,
          -1.0550431708885952
        ],
        [
          -2.134976616517214,
          -0.2837510392715714,
          -1.0322865477414496
        ],
        [
          -2.1232347690157525,
          -0.1195099720409516,
          -0.9188139688460808
        ],
        [
          -2.0864480563405436,
          -0.1585206529514096,
          -0.8960573456989351
        ]
      ],
      "cuboid_keypoints_camera_frame": [
        [
          -0.15084485371334533,
          0.27858357705684755,
          -1.6961411914243238
        ],
        [
          -0.1980046551745256,
          0.27801121029256237,
          -1.7965306706184223
        ],
        [
          -0.16627274484997812,
          0.22921684679948362,
          -1.7942601398286455
        ],
        [
          -0.2154637198454783,
          0.27552107553323113,
          -1.606044328353278
        ],
        [
          -0.18373180952093082,
          0.22672671204015238,
          -1.603773797563501
        ],
        [
          -0.11795789790575983,
          0.3304404420735426,
          -1.7885085852851468
        ],
        [
          -0.08622598758121214,
          0.28164607858046387,
          -1.78623805449537
        ],
        [
          -0.13541696257671254,
          0.3279503073142115,
          -1.5980222430200022
        ],
        [
          -0.10368505225216507,
          0.2791559438211326,
          -1.5957517122302254
        ]
      ],
      "cuboid_keypoints_projected": [
        [
          255,
          120
        ],
        [
          239,
          127
        ],
        [
          252,
          146
        ],
        [
          222,
          114
        ],
        [
          236,
          136
        ],
        [
          272,
          105
        ],
        [
          285,
          124
        ],
        [
          258,
          90
        ],
        [
          272,
          112
        ]
      ],
      "truncation_ratio": 0.0
    }
  ]
}