{
  "camera_data": {
    "aperture": [
      20.954999923706055,
      15.290800094604492
    ],
    "aperture_offset": [
      0.0,
      0.0
    ],
    "focal_length": 24.0,
    "resolution": [
      640,
      480
    ],
    "meters_per_scene_unit": 1.0,
    "intrinsics": {
      "fx": 732.9992868491247,
      "fy": 732.9992868491247,
      "cx": 320.0,
      "cy": 240.0
    },
    "camera_view_matrix": [
      [
        0.99322,
        -0.05481,
        0.10253,
        -0.0
      ],
      [
        -0.05481,
        0.55705,
        0.82867,
        0.0
      ],
      [
        -0.10253,
        -0.82867,
        0.55026,
        0.0
      ],
      [
        1.88574,
        -0.06764,
        0.72392,
        1.0
      ]
    ],
    "camera_projection_matrix": [
      [
        2.29062,
        0.0,
        0.0,
        0.0
      ],
      [
        0.0,
        3.05416,
        0.0,
        0.0
      ],
      [
        0.0,
        0.0,
        0.0,
        -1.0
      ],
      [
        0.0,
        0.0,
        0.01,
        0.0
      ]
    ]
  },
  "keypoint_order": [
    "Center",
    "LDB",
    "LDF",
    "LUB",
    "LUF",
    "RDB",
    "RDF",
    "RUB",
    "RUF"
  ],
  "objects": [
    {
      "label": "mustard_bottle",
      "prim_path": "/World/Labeled/mustard_bottle_01",
      "visibility": 1.0,
      "local_to_world_transform": [
        [
          -0.405586838722229,
          -0.4576183557510376,
          0.7912551760673523,
          0.0
        ],
        [
          0.7927806973457336,
          -0.6069914698600769,
          0.05531840771436691,
          0.0
        ],
        [
          0.45497041940689087,
          0.6497282385826111,
          0.6089787483215332,
          0.0
        ],
        [
          -1.7154356241226196,
          -1.5654433965682983,
          -0.7387603521347046,
          1.0
        ]
      ],
      "location_world_frame": [
        -1.7154356241226196,
        -1.5654433965682983,
        -0.7387603521347046
      ],
      "rotation_matrix_world_frame": [
        [
          -0.405586838722229,
          -0.4576183557510376,
          0.7912551760673523
        ],
        [
          0.7927806973457336,
          -0.6069914698600769,
          0.05531840771436691
        ],
        [
          0.45497041940689087,
          0.6497282385826111,
          0.6089787483215332
        ]
      ],
      "quat_wxyz_world_frame": [
        -0.3861348348166074,
        0.3848460335867362,
        0.2177249514907849,
        0.8095611559802285
      ],
      "location_camera_frame": [
        -2.2045304881382886,
        -1.9169855306944634,
        1.1904491154760664
      ],
      "rotation_matrix_camera_frame": [
        [
          -0.39963757125898053,
          -0.3546327450676879,
          0.8452960579799337
        ],
        [
          0.8408644830537466,
          0.22536924523742388,
          0.49209309679603935
        ],
        [
          -0.3650160724419398,
          0.9074383215633512,
          0.20813205962070994
        ]
      ],
      "quat_wxyz_camera_frame": [
        -0.508395451841224,
        0.20424318540880226,
        0.5951627427721395,
        0.5878776193878853
      ],
      "size": [
        0.09602421512187083,
        0.19130113772358187,
        0.058249234595873896
      ],
      "cuboid_keypoints_world_frame": [
        [
          -1.7154349138871305,
          -1.5654432400272364,
          -0.7387604625119967
        ],
        [
          -1.785042598894572,
          -1.5043360255335418,
          -0.7997778014821815
        ],
        [
          -1.7585409199467907,
          -1.46648985257867,
          -0.7643052551679002
        ],
        [
          -1.6333827499350377,
          -1.6204541839938997,
          -0.7891953271778354
        ],
        [
          -1.6068810709872565,
          -1.582608011039028,
          -0.753722780863554
        ],
        [
          -1.8239887567870046,
          -1.548278469015445,
          -0.7237981441604393
        ],
        [
          -1.7974870778392233,
          -1.5104322960605732,
          -0.688325597846158
        ],
        [
          -1.6723289078274703,
          -1.6643966274758029,
          -0.7132156698560932
        ],
        [
          -1.6458272288796891,
          -1.626550454520931,
          -0.6777431235418119
        ]
      ],
      "cuboid_keypoints_camera_frame": [
        [
          0.3434761983896051,
          -0.23345961647547953,
          -1.1557171064081966
        ],
        [
          0.2772475646059911,
          -0.1450418936403305,
          -1.1457918111441403
        ],
        [
          0.2978583905246739,
          -0.15480736921523874,
          -1.0921932787188418
        ],
        [
          0.4331579171273159,
          -0.22680620077054148,
          -1.220642898839967
        ],
        [
          0.4537687430459989,
          -0.23657167634544984,
          -1.1670443664146681
        ],
        [
          0.23318365373321126,
          -0.2303475566055092,
          -1.1443898464017246
        ],
        [
          0.2537944796518943,
          -0.24011303218041746,
          -1.0907913139764256
        ],
        [
          0.3890940062545365,
          -0.3121118637357202,
          -1.219240934097551
        ],
        [
          0.4097048321732195,
          -0.32187733931062845,
          -1.1656424016722524
        ]
      ],
      "cuboid_keypoints_projected": [
        [
          538,
          388
        ],
        [
          497,
          333
        ],
        [
          520,
          344
        ],
        [
          580,
          376
        ],
        [
          605,
          389
        ],
        [
          469,
          388
        ],
        [
          491,
          401
        ],
        [
          554,
          428
        ],
        [
          578,
          442
        ]
      ],
      "truncation_ratio": 0.0
    }
  ]
}