{
  "camera_data": {
    "aperture": [
      20.954999923706055,
      15.290800094604492
    ],
    "aperture_offset": [
      0.0,
      0.0
    ],
    "focal_length": 24.0,
    "resolution": [
      640,
      480
    ],
    "meters_per_scene_unit": 1.0,
    "intrinsics": {
      "fx": 732.9992868491247,
      "fy": 732.9992868491247,
      "cx": 320.0,
      "cy": 240.0
    },
    "camera_view_matrix": [
      [
        0.88759,
        0.26301,
        -0.37816,
        0.0
      ],
      [
        0.26301,
        0.38461,
        0.88482,
        -0.0
      ],
      [
        0.37816,
        -0.88482,
        0.2722,
        0.0
      ],
      [
        0.92521,
        0.78232,
        1.10831,
        1.0
      ]
    ],
    "camera_projection_matrix": [
      [
        2.29062,
        0.0,
        0.0,
        0.0
      ],
      [
        0.0,
        3.05416,
        0.0,
        0.0
      ],
      [
        0.0,
        0.0,
        0.0,
        -1.0
      ],
      [
        0.0,
        0.0,
        0.01,
        0.0
      ]
    ]
  },
  "keypoint_order": [
    "Center",
    "LDB",
    "LDF",
    "LUB",
    "LUF",
    "RDB",
    "RDF",
    "RUB",
    "RUF"
  ],
  "objects": [
    {
      "label": "pudding_box",
      "prim_path": "/World/Labeled/pudding_box",
      "visibility": 1.0,
      "local_to_world_transform": [
        [
          -0.0565832182765007,
          0.8908696174621582,
          -0.45072126388549805,
          0.0
        ],
        [
          -0.04192506894469261,
          -0.45316648483276367,
          -0.8904394507408142,
          0.0
        ],
        [
          -0.9975172281265259,
          -0.03148741275072098,
          0.06299138814210892,
          0.0
        ],
        [
          0.31738603115081787,
          -2.4514410495758057,
          -0.182233527302742,
          1.0
        ]
      ],
      "location_world_frame": [
        0.31738603115081787,
        -2.4514410495758057,
        -0.182233527302742
      ],
      "rotation_matrix_world_frame": [
        [
          -0.0565832182765007,
          0.8908696174621582,
          -0.45072126388549805
        ],
        [
          -0.04192506894469261,
          -0.45316648483276367,
          -0.8904394507408142
        ],
        [
          -0.9975172281265259,
          -0.03148741275072098,
          0.06299138814210892
        ]
      ],
      "quat_wxyz_world_frame": [
        0.3719010900432104,
        -0.5774062429280052,
        -0.3675681383611635,
        0.6270448736048689
      ],
      "location_camera_frame": [
        -0.8733244287509352,
        -2.0166210925526262,
        -1.2260344926574451
      ],
      "rotation_matrix_camera_frame": [
        [
          0.3159728001364272,
          0.6834469854940141,
          -0.6580740084987514
        ],
        [
          -0.9136278503652796,
          0.03215886417193728,
          -0.405277621052339
        ],
        [
          -0.25582285475819777,
          0.7292914512929011,
          0.6345775266638076
        ]
      ],
      "quat_wxyz_camera_frame": [
        0.7040435349422753,
        -0.40287603691248447,
        0.14283603772259426,
        0.567107984527978
      ],
      "size": [
        0.11365461333057293,
        0.08981704658610246,
        0.038471370757610236
      ],
      "cuboid_keypoints_world_frame": [
        [
          0.31738560508789027,
          -2.4514410091609222,
          -0.18223339393338767
        ],
        [
          0.34167179758495925,
          -2.481110010456031,
          -0.11784347989048616
        ],
        [
          0.3032959422872117,
          -2.482321374391761,
          -0.1154201148315328
        ],
        [
          0.33790621169208057,
          -2.5218120859770705,
          -0.19782012199441557
        ],
        [
          0.299530356394333,
          -2.5230234499128006,
          -0.1953967569354622
        ],
        [
          0.3352408537814475,
          -2.379858568409044,
          -0.16907003093131312
        ],
        [
          0.29686499848369996,
          -2.381069932344774,
          -0.16664666587235977
        ],
        [
          0.33147526788856885,
          -2.4205606439300835,
          -0.24904667303524253
        ],
        [
          0.2930994125908213,
          -2.4217720078658136,
          -0.24662330797628917
        ]
      ],
      "cuboid_keypoints_camera_frame": [
        [
          0.493240634787521,
          0.08419777201304635,
          -1.2303929298834562
        ],
        [
          0.5313433009589718,
          0.02220112758149201,
          -1.2483019422560158
        ],
        [
          0.49787904258674726,
          0.009497659106902562,
          -1.2342018830029662
        ],
        [
          0.48705177022769613,
          0.07632124414875935,
          -1.3046612818483403
        ],
        [
          0.45358751185547164,
          0.06361777567416993,
          -1.2905612225952905
        ],
        [
          0.5328937577195704,
          0.10477776835192268,
          -1.170224637171622
        ],
        [
          0.4994294993473458,
          0.09207429987733323,
          -1.1561245779185725
        ],
        [
          0.4886022269882947,
          0.15889788491919,
          -1.2265839767639466
        ],
        [
          0.45513796861607014,
          0.14619441644460057,
          -1.2124839175108968
        ]
      ],
      "cuboid_keypoints_projected": [
        [
          614,
          190
        ],
        [
          632,
          227
        ],
        [
          616,
          234
        ],
        [
          594,
          197
        ],
        [
          578,
          204
        ],
        [
          654,
          174
        ],
        [
          637,
          182
        ],
        [
          612,
          145
        ],
        [
          595,
          152
        ]
      ],
      "truncation_ratio": 0.1842105263157895
    }
  ]
}