{
  "camera_data": {
    "aperture": [
      20.954999923706055,
      15.290800094604492
    ],
    "aperture_offset": [
      0.0,
      0.0
    ],
    "focal_length": 24.0,
    "resolution": [
      640,
      480
    ],
    "meters_per_scene_unit": 1.0,
    "intrinsics": {
      "fx": 732.9992868491247,
      "fy": 732.9992868491247,
      "cx": 320.0,
      "cy": 240.0
    },
    "camera_view_matrix": [
      [
        0.88759,
        0.26301,
        -0.37816,
        0.0
      ],
      [
        0.26301,
        0.38461,
        0.88482,
        -0.0
      ],
      [
        0.37816,
        -0.88482,
        0.2722,
        0.0
      ],
      [
        0.92521,
        0.78232,
        1.10831,
        1.0
      ]
    ],
    "camera_projection_matrix": [
      [
        2.29062,
        0.0,
        0.0,
        0.0
      ],
      [
        0.0,
        3.05416,
        0.0,
        0.0
      ],
      [
        0.0,
        0.0,
        0.0,
        -1.0
      ],
      [
        0.0,
        0.0,
        0.01,
        0.0
      ]
    ]
  },
  "keypoint_order": [
    "Center",
    "LDB",
    "LDF",
    "LUB",
    "LUF",
    "RDB",
    "RDF",
    "RUB",
    "RUF"
  ],
  "objects": [
    {
      "label": "pudding_box",
      "prim_path": "/World/Labeled/pudding_box",
      "visibility": 1.0,
      "local_to_world_transform": [
        [
          -0.07648731768131256,
          0.9024234414100647,
          -0.4240066111087799,
          0.0
        ],
        [
          -0.06225217133760452,
          -0.4287448823451996,
          -0.9012782573699951,
          0.0
        ],
        [
          -0.9951252937316895,
          -0.0425410270690918,
          0.08897136896848679,
          0.0
        ],
        [
          0.30576303601264954,
          -2.3563308715820312,
          -0.17408353090286255,
          1.0
        ]
      ],
      "location_world_frame": [
        0.30576303601264954,
        -2.3563308715820312,
        -0.17408353090286255
      ],
      "rotation_matrix_world_frame": [
        [
          -0.07648731768131256,
          0.9024234414100647,
          -0.4240066111087799
        ],
        [
          -0.06225217133760452,
          -0.4287448823451996,
          -0.9012782573699951
        ],
        [
          -0.9951252937316895,
          -0.0425410270690918,
          0.08897136896848679
        ]
      ],
      "quat_wxyz_world_frame": [
        0.3820141232924965,
        -0.5619800259280257,
        -0.3737549555950296,
        0.6313088730812821
      ],
      "location_camera_frame": [
        -0.9166140186639735,
        -1.9039666925949503,
        -1.1728533960341754
      ],
      "rotation_matrix_camera_frame": [
        [
          0.29205527230922973,
          0.7043052982398655,
          -0.6470376795739818
        ],
        [
          -0.9245643739812407,
          0.03480991878805768,
          -0.3794324454538065
        ],
        [
          -0.2447129524728256,
          0.7090432265757142,
          0.6613420208307008
        ]
      ],
      "quat_wxyz_camera_frame": [
        0.7050190085211477,
        -0.3859738763605658,
        0.14266449510882126,
        0.5775977893191782
      ],
      "size": [
        0.11365461233408926,
        0.08981716671131323,
        0.03847138571009275
      ],
      "cuboid_keypoints_world_frame": [
        [
          0.305762635346277,
          -2.3563310792478145,
          -0.17408333830680217
        ],
        [
          0.33204678498956586,
          -2.3875407416307404,
          -0.11122448091118187
        ],
        [
          0.2937629358586529,
          -2.3891773538970007,
          -0.1078016290471846
        ],
        [
          0.3264554713622303,
          -2.4260493920408024,
          -0.19217474006158042
        ],
        [
          0.2881716222313173,
          -2.4276860043070627,
          -0.18875188819758315
        ],
        [
          0.3233536484612367,
          -2.2849761541885663,
          -0.1594147884160212
        ],
        [
          0.2850697993303237,
          -2.2866127664548266,
          -0.15599193655202392
        ],
        [
          0.31776233483390115,
          -2.3234848045986283,
          -0.24036504756641974
        ],
        [
          0.27947848570298817,
          -2.3251214168648886,
          -0.23694219570242248
        ]
      ],
      "cuboid_keypoints_camera_frame": [
        [
          0.5110213334265645,
          0.11050929750211569,
          -1.1396241798493576
        ],
        [
          0.5499131694333921,
          0.0498003002163884,
          -1.160068696038046
        ],
        [
          0.516796696489374,
          0.03607311371879787,
          -1.1461076398645347
        ],
        [
          0.5042098527290186,
          0.10514530514096909,
          -1.2140618499848026
        ],
        [
          0.47109337978500065,
          0.09141811864337845,
          -1.2001007938112913
        ],
        [
          0.5509492870681286,
          0.12960047636085292,
          -1.0791475658874239
        ],
        [
          0.5178328141241106,
          0.11587328986326229,
          -1.0651865097139122
        ],
        [
          0.5052459703637552,
          0.18494548128543348,
          -1.1331407198341803
        ],
        [
          0.4721294974197372,
          0.17121829478784295,
          -1.119179663660669
        ]
      ],
      "cuboid_keypoints_projected": [
        [
          649,
          169
        ],
        [
          667,
          209
        ],
        [
          651,
          217
        ],
        [
          624,
          177
        ],
        [
          608,
          184
        ],
        [
          694,
          152
        ],
        [
          676,
          160
        ],
        [
          647,
          120
        ],
        [
          629,
          128
        ]
      ],
      "truncation_ratio": 0.627906976744186
    }
  ]
}