{
  "camera_data": {
    "aperture": [
      20.954999923706055,
      15.290800094604492
    ],
    "aperture_offset": [
      0.0,
      0.0
    ],
    "focal_length": 24.0,
    "resolution": [
      640,
      480
    ],
    "meters_per_scene_unit": 1.0,
    "intrinsics": {
      "fx": 732.9992868491247,
      "fy": 732.9992868491247,
      "cx": 320.0,
      "cy": 240.0
    },
    "camera_view_matrix": [
      [
        0.3171,
        -0.44212,
        -0.83904,
        0.0
      ],
      [
        -0.44212,
        0.71377,
        -0.5432,
        0.0
      ],
      [
        0.83904,
        0.5432,
        0.03086,
        -0.0
      ],
      [
        1.69133,
        -0.5355,
        1.59906,
        1.0
      ]
    ],
    "camera_projection_matrix": [
      [
        2.29062,
        0.0,
        0.0,
        0.0
      ],
      [
        0.0,
        3.05416,
        0.0,
        0.0
      ],
      [
        0.0,
        0.0,
        0.0,
        -1.0
      ],
      [
        0.0,
        0.0,
        0.01,
        0.0
      ]
    ]
  },
  "keypoint_order": [
    "Center",
    "LDB",
    "LDF",
    "LUB",
    "LUF",
    "RDB",
    "RDF",
    "RUB",
    "RUF"
  ],
  "objects": [
    {
      "label": "mustard_bottle",
      "prim_path": "/World/Labeled/mustard_bottle_03",
      "visibility": 1.0,
      "local_to_world_transform": [
        [
          -0.320699006319046,
          -0.9437882304191589,
          -0.08009948581457138,
          0.0
        ],
        [
          -0.12498974055051804,
          -0.041658900678157806,
          0.9912830591201782,
          0.0
        ],
        [
          -0.9388981461524963,
          0.32791510224342346,
          -0.10460387915372849,
          0.0
        ],
        [
          1.7892217636108398,
          2.422922372817993,
          -1.0974206924438477,
          1.0
        ]
      ],
      "location_world_frame": [
        1.7892217636108398,
        2.422922372817993,
        -1.0974206924438477
      ],
      "rotation_matrix_world_frame": [
        [
          -0.320699006319046,
          -0.9437882304191589,
          -0.08009948581457138
        ],
        [
          -0.12498974055051804,
          -0.041658900678157806,
          0.9912830591201782
        ],
        [
          -0.9388981461524963,
          0.32791510224342346,
          -0.10460387915372849
        ]
      ],
      "quat_wxyz_world_frame": [
        -0.3650473323979113,
        -0.454302700430213,
        0.5881419857411696,
        0.5607481663807908
      ],
      "location_camera_frame": [
        -0.18760782255955882,
        1.3733278696477933,
        -1.9309995211516868
      ],
      "rotation_matrix_camera_frame": [
        [
          0.7413379565916205,
          -0.5559852301868703,
          -0.37589688134884286
        ],
        [
          0.5625815331474012,
          0.20940787109067324,
          0.7997814512827041
        ],
        [
          -0.3659509112211418,
          -0.8043809852937102,
          0.4680290239256228
        ]
      ],
      "quat_wxyz_camera_frame": [
        0.7776205445285287,
        0.5157278974640734,
        0.003197566641326668,
        -0.35961201324763187
      ],
      "size": [
        0.09602427504558503,
        0.19130110739198145,
        0.05824893762361056
      ],
      "cuboid_keypoints_world_frame": [
        [
          1.7892216433304835,
          2.422923003448788,
          -1.0974202000771835
        ],
        [
          1.843919335524327,
          2.462670637485732,
          -1.1853446936489074
        ],
        [
          1.7892295164376408,
          2.481771343660278,
          -1.1914377584292843
        ],
        [
          1.8200086597425473,
          2.454701243652658,
          -0.9957111466857991
        ],
        [
          1.765318840655861,
          2.4738019498272044,
          -1.001804211466176
        ],
        [
          1.813124446005106,
          2.3720440570703714,
          -1.193036188688191
        ],
        [
          1.7584346269184197,
          2.3911447632449176,
          -1.199129253468568
        ],
        [
          1.7892137702233262,
          2.3640746632372975,
          -1.0034026417250828
        ],
        [
          1.73452395113664,
          2.383175369411844,
          -1.0094957065054597
        ]
      ],
      "cuboid_keypoints_camera_frame": [
        [
          0.26669116141314353,
          -0.19326126584155845,
          -1.2521634117350755
        ],
        [
          0.19269052389519437,
          -0.23683396514139976,
          -1.3223613749204421
        ],
        [
          0.16179157726713617,
          -0.20233085652214955,
          -1.2870381627306748
        ],
        [
          0.3477414481716942,
          -0.12894218136319702,
          -1.292117571218228
        ],
        [
          0.316842501543636,
          -0.09443907274394703,
          -1.2567943590284607
        ],
        [
          0.2165398212826508,
          -0.29208345893916965,
          -1.24753246444169
        ],
        [
          0.18564087465459267,
          -0.2575803503199192,
          -1.2122092522519228
        ],
        [
          0.3715907455591508,
          -0.18419167516096668,
          -1.2172886607394762
        ],
        [
          0.3406917989310925,
          -0.14968856654171692,
          -1.1819654485497089
        ]
      ],
      "cuboid_keypoints_projected": [
        [
          476,
          353
        ],
        [
          427,
          371
        ],
        [
          412,
          355
        ],
        [
          517,
          313
        ],
        [
          505,
          295
        ],
        [
          447,
          412
        ],
        [
          432,
          396
        ],
        [
          544,
          351
        ],
        [
          531,
          333
        ]
      ],
      "truncation_ratio": 0.0
    }
  ]
}