{
  "camera_data": {
    "aperture": [
      20.954999923706055,
      15.290800094604492
    ],
    "aperture_offset": [
      0.0,
      0.0
    ],
    "focal_length": 24.0,
    "resolution": [
      640,
      480
    ],
    "meters_per_scene_unit": 1.0,
    "intrinsics": {
      "fx": 732.9992868491247,
      "fy": 732.9992868491247,
      "cx": 320.0,
      "cy": 240.0
    },
    "camera_view_matrix": [
      [
        0.93165,
        -0.1323,
        0.33842,
        -0.0
      ],
      [
        -0.1323,
        0.74394,
        0.65502,
        0.0
      ],
      [
        -0.33842,
        -0.65502,
        0.67558,
        0.0
      ],
      [
        1.51593,
        -0.46588,
        -0.18045,
        1.0
      ]
    ],
    "camera_projection_matrix": [
      [
        2.29062,
        0.0,
        0.0,
        0.0
      ],
      [
        0.0,
        3.05416,
        0.0,
        0.0
      ],
      [
        0.0,
        0.0,
        0.0,
        -1.0
      ],
      [
        0.0,
        0.0,
        0.01,
        0.0
      ]
    ]
  },
  "keypoint_order": [
    "Center",
    "LDB",
    "LDF",
    "LUB",
    "LUF",
    "RDB",
    "RDF",
    "RUB",
    "RUF"
  ],
  "objects": [
    {
      "label": "mustard_bottle",
      "prim_path": "/World/Labeled/mustard_bottle",
      "visibility": 1.0,
      "local_to_world_transform": [
        [
          0.5463108420372009,
          0.7608131170272827,
          -0.35029685497283936,
          0.0
        ],
        [
          0.11372872442007065,
          0.3469701409339905,
          0.930955171585083,
          0.0
        ],
        [
          0.8298254013061523,
          -0.5484297275543213,
          0.10302724689245224,
          0.0
        ],
        [
          -2.2458977699279785,
          -0.07989753037691116,
          -0.7534565329551697,
          1.0
        ]
      ],
      "location_world_frame": [
        -2.2458977699279785,
        -0.07989753037691116,
        -0.7534565329551697
      ],
      "rotation_matrix_world_frame": [
        [
          0.5463108420372009,
          0.7608131170272827,
          -0.35029685497283936
        ],
        [
          0.11372872442007065,
          0.3469701409339905,
          0.930955171585083
        ],
        [
          0.8298254013061523,
          -0.5484297275543213,
          0.10302724689245224
        ]
      ],
      "quat_wxyz_world_frame": [
        0.7064538607260376,
        0.5235249453723378,
        0.41762184942386565,
        0.22899031665543645
      ],
      "location_camera_frame": [
        -1.6204573676474425,
        1.0107621258458928,
        -1.736792154602959
      ],
      "rotation_matrix_camera_frame": [
        [
          0.774754815247488,
          0.47730602754239765,
          -0.41464916009407243
        ],
        [
          0.5558871376205082,
          -0.2017641553714574,
          0.8063998534207003
        ],
        [
          0.3012381483435281,
          -0.85526032614916,
          -0.4216460389277538
        ]
      ],
      "quat_wxyz_camera_frame": [
        0.5365036452606161,
        0.7743004933907017,
        0.3335892116282362,
        -0.03661724241718388
      ],
      "size": [
        0.09602427695872183,
        0.19130105083559326,
        0.0582491146308673
      ],
      "cuboid_keypoints_world_frame": [
        [
          -2.2458977255025845,
          -0.0798978808168993,
          -0.753455863557456
        ],
        [
          -2.307173786801012,
          -0.13364124710188108,
          -0.8286843357364049
        ],
        [
          -2.2588371907871294,
          -0.165586793889279,
          -0.8226830896867847
        ],
        [
          -2.285417362654271,
          -0.067265495585211,
          -0.6505916359555144
        ],
        [
          -2.2370807666403882,
          -0.09921104237260892,
          -0.6445903899058942
        ],
        [
          -2.254714684364781,
          -0.06058471926118969,
          -0.8623213372090177
        ],
        [
          -2.2063780883508985,
          -0.0925302660485876,
          -0.8563200911593976
        ],
        [
          -2.23295826021804,
          0.005791032255480388,
          -0.6842286374281272
        ],
        [
          -2.1846216642041574,
          -0.026154514531917528,
          -0.6782273913785071
        ]
      ],
      "cuboid_keypoints_camera_frame": [
        [
          -0.31089708040035413,
          0.265333604607046,
          -1.5018739282112639
        ],
        [
          -0.3354157205179358,
          0.2827350476458972,
          -1.6086374716201417
        ],
        [
          -0.28818768783422466,
          0.2486438518493087,
          -1.6091500395553093
        ],
        [
          -0.3841982424883388,
          0.21258109472740971,
          -1.4374802908288589
        ],
        [
          -0.3369702098046272,
          0.17848989893082123,
          -1.4379928587640265
        ],
        [
          -0.2848239509960808,
          0.3521773102832707,
          -1.5657549976585012
        ],
        [
          -0.23759591831236992,
          0.3180861144866821,
          -1.5662675655936686
        ],
        [
          -0.3336064729664838,
          0.2820233573647833,
          -1.3945978168672186
        ],
        [
          -0.2863784402827725,
          0.2479321615681948,
          -1.395110384802386
        ]
      ],
      "cuboid_keypoints_projected": [
        [
          168,
          111
        ],
        [
          167,
          111
        ],
        [
          189,
          127
        ],
        [
          124,
          132
        ],
        [
          148,
          149
        ],
        [
          187,
          75
        ],
        [
          209,
          91
        ],
        [
          145,
          92
        ],
        [
          170,
          110
        ]
      ],
      "truncation_ratio": 0.0
    }
  ]
}