{
  "camera_data": {
    "aperture": [
      20.954999923706055,
      15.290800094604492
    ],
    "aperture_offset": [
      0.0,
      0.0
    ],
    "focal_length": 24.0,
    "resolution": [
      640,
      480
    ],
    "meters_per_scene_unit": 1.0,
    "intrinsics": {
      "fx": 732.9992868491247,
      "fy": 732.9992868491247,
      "cx": 320.0,
      "cy": 240.0
    },
    "camera_view_matrix": [
      [
        0.88759,
        0.26301,
        -0.37816,
        0.0
      ],
      [
        0.26301,
        0.38461,
        0.88482,
        -0.0
      ],
      [
        0.37816,
        -0.88482,
        0.2722,
        0.0
      ],
      [
        0.92521,
        0.78232,
        1.10831,
        1.0
      ]
    ],
    "camera_projection_matrix": [
      [
        2.29062,
        0.0,
        0.0,
        0.0
      ],
      [
        0.0,
        3.05416,
        0.0,
        0.0
      ],
      [
        0.0,
        0.0,
        0.0,
        -1.0
      ],
      [
        0.0,
        0.0,
        0.01,
        0.0
      ]
    ]
  },
  "keypoint_order": [
    "Center",
    "LDB",
    "LDF",
    "LUB",
    "LUF",
    "RDB",
    "RDF",
    "RUB",
    "RUF"
  ],
  "objects": [
    {
      "label": "pudding_box",
      "prim_path": "/World/Labeled/pudding_box",
      "visibility": 1.0,
      "local_to_world_transform": [
        [
          -0.07648731768131256,
          0.9024234414100647,
          -0.4240066111087799,
          0.0
        ],
        [
          -0.06225217133760452,
          -0.4287448823451996,
          -0.9012782573699951,
          0.0
        ],
        [
          -0.9951252937316895,
          -0.0425410270690918,
          0.08897136896848679,
          0.0
        ],
        [
          0.2952331602573395,
          -2.2749996185302734,
          -0.16803759336471558,
          1.0
        ]
      ],
      "location_world_frame": [
        0.2952331602573395,
        -2.2749996185302734,
        -0.16803759336471558
      ],
      "rotation_matrix_world_frame": [
        [
          -0.07648731768131256,
          0.9024234414100647,
          -0.4240066111087799
        ],
        [
          -0.06225217133760452,
          -0.4287448823451996,
          -0.9012782573699951
        ],
        [
          -0.9951252937316895,
          -0.0425410270690918,
          0.08897136896848679
        ]
      ],
      "quat_wxyz_world_frame": [
        0.3820141232924965,
        -0.5619800259280257,
        -0.3737549555950296,
        0.6313088730812821
      ],
      "location_camera_frame": [
        -0.9271438944192836,
        -1.8226354395431925,
        -1.1668074584960284
      ],
      "rotation_matrix_camera_frame": [
        [
          0.29205527230922973,
          0.7043052982398655,
          -0.6470376795739818
        ],
        [
          -0.9245643739812407,
          0.03480991878805768,
          -0.3794324454538065
        ],
        [
          -0.2447129524728256,
          0.7090432265757142,
          0.6613420208307008
        ]
      ],
      "quat_wxyz_camera_frame": [
        0.7050190085211477,
        -0.3859738763605658,
        0.14266449510882126,
        0.5775977893191782
      ],
      "size": [
        0.11365437391551259,
        0.08981704750202317,
        0.03847138571009275
      ],
      "cuboid_keypoints_world_frame": [
        [
          0.2952327467624496,
          -2.2749997441739858,
          -0.16803750503455245
        ],
        [
          0.3215168835772211,
          -2.3062093245348407,
          -0.10517875190482939
        ],
        [
          0.2832330344463081,
          -2.307845936801101,
          -0.10175590004083213
        ],
        [
          0.31592557737092264,
          -2.34471792383453,
          -0.1861289036144872
        ],
        [
          0.27764172824000966,
          -2.3463545361007903,
          -0.18270605175048993
        ],
        [
          0.31282376528488953,
          -2.2036449522471813,
          -0.15336895831861497
        ],
        [
          0.27453991615397655,
          -2.2052815645134416,
          -0.1499461064546177
        ],
        [
          0.3072324590785911,
          -2.2421535515468705,
          -0.23431911002827277
        ],
        [
          0.2689486099476781,
          -2.243790163813131,
          -0.2308962581642755
        ]
      ],
      "cuboid_keypoints_camera_frame": [
        [
          0.5253525618720594,
          0.1336708436126961,
          -1.0620331018091242
        ],
        [
          0.564244368635918,
          0.07296196675540403,
          -1.0824775689528432
        ],
        [
          0.5311278956918999,
          0.05923478025781351,
          -1.068516512779332
        ],
        [
          0.5185411125909946,
          0.12830689822366242,
          -1.1364706512375131
        ],
        [
          0.4854246396469765,
          0.11457971172607181,
          -1.1225095950640018
        ],
        [
          0.5652804840971423,
          0.1527619754993203,
          -1.0015566085542462
        ],
        [
          0.5321640111531242,
          0.13903478900172966,
          -0.9875955523807349
        ],
        [
          0.5195772280522188,
          0.2081069069675786,
          -1.0555496908389168
        ],
        [
          0.48646075510820086,
          0.19437972046998808,
          -1.0415886346654055
        ]
      ],
      "cuboid_keypoints_projected": [
        [
          683,
          148
        ],
        [
          702,
          191
        ],
        [
          684,
          199
        ],
        [
          654,
          157
        ],
        [
          637,
          165
        ],
        [
          734,
          128
        ],
        [
          715,
          137
        ],
        [
          681,
          95
        ],
        [
          662,
          103
        ]
      ],
      "truncation_ratio": 0.9690721649484536
    }
  ]
}