{
  "camera_data": {
    "aperture": [
      20.954999923706055,
      15.290800094604492
    ],
    "aperture_offset": [
      0.0,
      0.0
    ],
    "focal_length": 24.0,
    "resolution": [
      640,
      480
    ],
    "meters_per_scene_unit": 1.0,
    "intrinsics": {
      "fx": 732.9992868491247,
      "fy": 732.9992868491247,
      "cx": 320.0,
      "cy": 240.0
    },
    "camera_view_matrix": [
      [
        0.3171,
        -0.44212,
        -0.83904,
        0.0
      ],
      [
        -0.44212,
        0.71377,
        -0.5432,
        0.0
      ],
      [
        0.83904,
        0.5432,
        0.03086,
        -0.0
      ],
      [
        1.69133,
        -0.5355,
        1.59906,
        1.0
      ]
    ],
    "camera_projection_matrix": [
      [
        2.29062,
        0.0,
        0.0,
        0.0
      ],
      [
        0.0,
        3.05416,
        0.0,
        0.0
      ],
      [
        0.0,
        0.0,
        0.0,
        -1.0
      ],
      [
        0.0,
        0.0,
        0.01,
        0.0
      ]
    ]
  },
  "keypoint_order": [
    "Center",
    "LDB",
    "LDF",
    "LUB",
    "LUF",
    "RDB",
    "RDF",
    "RUB",
    "RUF"
  ],
  "objects": [
    {
      "label": "mustard_bottle",
      "prim_path": "/World/Labeled/mustard_bottle_03",
      "visibility": 1.0,
      "local_to_world_transform": [
        [
          -0.4912290871143341,
          -0.8344983458518982,
          -0.2496127337217331,
          0.0
        ],
        [
          -0.22721633315086365,
          -0.15388253331184387,
          0.9616095423698425,
          0.0
        ],
        [
          -0.840872585773468,
          0.5290866494178772,
          -0.11402007192373276,
          0.0
        ],
        [
          1.7272719144821167,
          2.4199533462524414,
          -0.7826953530311584,
          1.0
        ]
      ],
      "location_world_frame": [
        1.7272719144821167,
        2.4199533462524414,
        -0.7826953530311584
      ],
      "rotation_matrix_world_frame": [
        [
          -0.4912290871143341,
          -0.8344983458518982,
          -0.2496127337217331
        ],
        [
          -0.22721633315086365,
          -0.15388253331184387,
          0.9616095423698425
        ],
        [
          -0.840872585773468,
          0.5290866494178772,
          -0.11402007192373276
        ]
      ],
      "quat_wxyz_world_frame": [
        -0.24539168325121902,
        -0.4406454145728995,
        0.6023633920797276,
        0.6186864183810855
      ],
      "location_camera_frame": [
        -0.32648910634957634,
        1.9369857199970444,
        -1.902144025688122
      ],
      "rotation_matrix_camera_frame": [
        [
          0.6502129048568208,
          -0.640504111648461,
          -0.4086289765417946
        ],
        [
          0.5117623925547449,
          -0.028289116291374927,
          0.8586611514535003
        ],
        [
          -0.561535765118628,
          -0.7674335246398412,
          0.3093919716625217
        ]
      ],
      "quat_wxyz_camera_frame": [
        0.6948589359328771,
        0.585044885359092,
        -0.0550136071757452,
        -0.41456850374203513
      ],
      "size": [
        0.09602451437776723,
        0.19130110804945158,
        0.05824900688402326
      ],
      "cuboid_keypoints_world_frame": [
        [
          1.7272718038698742,
          2.4199538196059542,
          -0.7826948075445894
        ],
        [
          1.797080185887285,
          2.4593295316407997,
          -0.8593680440552842
        ],
        [
          1.748100191986852,
          2.490148304068076,
          -0.8660096001267243
        ],
        [
          1.753613449734654,
          2.4298916326077085,
          -0.6754110737071639
        ],
        [
          1.704633455834221,
          2.460710405034985,
          -0.682052629778604
        ],
        [
          1.7499101519055276,
          2.379197234176923,
          -0.8833369853105748
        ],
        [
          1.7009301580050946,
          2.4100160066041996,
          -0.8899785413820149
        ],
        [
          1.7064434157528967,
          2.349759335143832,
          -0.6993800149624545
        ],
        [
          1.6574634218524638,
          2.3805781075711083,
          -0.7060215710338946
        ]
      ],
      "cuboid_keypoints_camera_frame": [
        [
          0.5124259947805999,
          0.00296707954277986,
          -1.1888585975083787
        ],
        [
          0.45282153221140203,
          -0.041440124615395035,
          -1.2711856912008932
        ],
        [
          0.4180921698569944,
          -0.0013953785023061993,
          -1.2470354012925853
        ],
        [
          0.6064000848941571,
          0.056690679741820516,
          -1.213047172274279
        ],
        [
          0.5716707225397495,
          0.09673542585490891,
          -1.1888968823659714
        ],
        [
          0.45318126702145056,
          -0.09080126676934963,
          -1.1888203126507861
        ],
        [
          0.41845190466704285,
          -0.05075652065626102,
          -1.1646700227424782
        ],
        [
          0.6067598197042058,
          0.007329537587865698,
          -1.1306817937241722
        ],
        [
          0.5720304573497981,
          0.04737428370095431,
          -1.1065315038158643
        ]
      ],
      "cuboid_keypoints_projected": [
        [
          636,
          238
        ],
        [
          581,
          264
        ],
        [
          566,
          241
        ],
        [
          686,
          206
        ],
        [
          672,
          180
        ],
        [
          599,
          296
        ],
        [
          583,
          272
        ],
        [
          713,
          235
        ],
        [
          699,
          209
        ]
      ],
      "truncation_ratio": 0.4965986394557823
    }
  ]
}