{
  "camera_data": {
    "aperture": [
      20.954999923706055,
      15.290800094604492
    ],
    "aperture_offset": [
      0.0,
      0.0
    ],
    "focal_length": 24.0,
    "resolution": [
      640,
      480
    ],
    "meters_per_scene_unit": 1.0,
    "intrinsics": {
      "fx": 732.9992868491247,
      "fy": 732.9992868491247,
      "cx": 320.0,
      "cy": 240.0
    },
    "camera_view_matrix": [
      [
        0.3171,
        -0.44212,
        -0.83904,
        0.0
      ],
      [
        -0.44212,
        0.71377,
        -0.5432,
        0.0
      ],
      [
        0.83904,
        0.5432,
        0.03086,
        -0.0
      ],
      [
        1.69133,
        -0.5355,
        1.59906,
        1.0
      ]
    ],
    "camera_projection_matrix": [
      [
        2.29062,
        0.0,
        0.0,
        0.0
      ],
      [
        0.0,
        3.05416,
        0.0,
        0.0
      ],
      [
        0.0,
        0.0,
        0.0,
        -1.0
      ],
      [
        0.0,
        0.0,
        0.01,
        0.0
      ]
    ]
  },
  "keypoint_order": [
    "Center",
    "LDB",
    "LDF",
    "LUB",
    "LUF",
    "RDB",
    "RDF",
    "RUB",
    "RUF"
  ],
  "objects": [
    {
      "label": "mustard_bottle",
      "prim_path": "/World/Labeled/mustard_bottle_03",
      "visibility": 1.0,
      "local_to_world_transform": [
        [
          -0.4221137464046478,
          -0.8892620801925659,
          -0.17616169154644012,
          0.0
        ],
        [
          -0.18337136507034302,
          -0.10654996335506439,
          0.9772523045539856,
          0.0
        ],
        [
          -0.8878034353256226,
          0.44481462240219116,
          -0.11808899790048599,
          0.0
        ],
        [
          1.7538813352584839,
          2.4212284088134766,
          -0.8895503282546997,
          1.0
        ]
      ],
      "location_world_frame": [
        1.7538813352584839,
        2.4212284088134766,
        -0.8895503282546997
      ],
      "rotation_matrix_world_frame": [
        [
          -0.4221137464046478,
          -0.8892620801925659,
          -0.17616169154644012
        ],
        [
          -0.18337136507034302,
          -0.10654996335506439,
          0.9772523045539856
        ],
        [
          -0.8878034353256226,
          0.44481462240219116,
          -0.11808899790048599
        ]
      ],
      "quat_wxyz_world_frame": [
        -0.2971730556696377,
        -0.44791886033574024,
        0.598676200493597,
        0.5938380894671986
      ],
      "location_camera_frame": [
        -0.2815071122936846,
        1.6855343987177627,
        -1.8996521624762177
      ],
      "rotation_matrix_camera_frame": [
        [
          0.6921210835093832,
          -0.6080887043367191,
          -0.38883998049963686
        ],
        [
          0.5379932261421422,
          0.07548393142433488,
          0.8395626740668874
        ],
        [
          -0.4811774169622601,
          -0.7902722910598573,
          0.37939162566986034
        ]
      ],
      "quat_wxyz_camera_frame": [
        0.7326316662446418,
        0.5561576960855465,
        -0.031508818815805986,
        -0.39108394627911947
      ],
      "size": [
        0.0960245140168479,
        0.19130099013231422,
        0.05824908573110046
      ],
      "cuboid_keypoints_world_frame": [
        [
          1.753881239730406,
          2.421228875112641,
          -0.889549746410219
        ],
        [
          1.8175443043096564,
          2.461160888323775,
          -0.971127203752777
        ],
        [
          1.765830565528578,
          2.4870709335811174,
          -0.978005779963856
        ],
        [
          1.782465180964607,
          2.4407777750415622,
          -0.7841778721734847
        ],
        [
          1.7307514421835286,
          2.4666878202989047,
          -0.7910564483845637
        ],
        [
          1.7770110372772834,
          2.3757699299263777,
          -0.9880430444358743
        ],
        [
          1.725297298496205,
          2.40167997518372,
          -0.9949216206469533
        ],
        [
          1.741931913932234,
          2.355386816644165,
          -0.801093712856582
        ],
        [
          1.6902181751511556,
          2.3812968619015074,
          -0.807972289067661
        ]
      ],
      "cuboid_keypoints_camera_frame": [
        [
          0.43064479685577073,
          -0.06593083217084006,
          -1.215175497607374
        ],
        [
          0.36473091294847054,
          -0.10988797726263377,
          -1.2927999932310288
        ],
        [
          0.3311060620206406,
          -0.07226704028389141,
          -1.263696891410613
        ],
        [
          0.5194765523657646,
          -0.007377013907056806,
          -1.2465251809362043
        ],
        [
          0.4858517014379347,
          0.030243923071685552,
          -1.2174220791157886
        ],
        [
          0.37543789227360713,
          -0.16210558741336567,
          -1.2129289160989594
        ],
        [
          0.341813041345777,
          -0.12448465043462331,
          -1.183825814278544
        ],
        [
          0.5301835316909013,
          -0.05959462405778848,
          -1.1666541038041354
        ],
        [
          0.4965586807630711,
          -0.021973687079046123,
          -1.1375510019837196
        ]
      ],
      "cuboid_keypoints_projected": [
        [
          580,
          280
        ],
        [
          527,
          302
        ],
        [
          512,
          282
        ],
        [
          625,
          244
        ],
        [
          613,
          222
        ],
        [
          547,
          338
        ],
        [
          532,
          317
        ],
        [
          653,
          277
        ],
        [
          640,
          254
        ]
      ],
      "truncation_ratio": 0.09219858156028371
    }
  ]
}