{
  "camera_data": {
    "aperture": [
      20.954999923706055,
      15.290800094604492
    ],
    "aperture_offset": [
      0.0,
      0.0
    ],
    "focal_length": 24.0,
    "resolution": [
      640,
      480
    ],
    "meters_per_scene_unit": 1.0,
    "intrinsics": {
      "fx": 732.9992868491247,
      "fy": 732.9992868491247,
      "cx": 320.0,
      "cy": 240.0
    },
    "camera_view_matrix": [
      [
        0.57503,
        0.46681,
        0.67189,
        -0.0
      ],
      [
        0.46681,
        0.48724,
        -0.73803,
        0.0
      ],
      [
        -0.67189,
        0.73803,
        0.06226,
        0.0
      ],
      [
        0.66283,
        0.70053,
        0.46385,
        1.0
      ]
    ],
    "camera_projection_matrix": [
      [
        2.29062,
        0.0,
        0.0,
        0.0
      ],
      [
        0.0,
        3.05416,
        0.0,
        0.0
      ],
      [
        0.0,
        0.0,
        0.0,
        -1.0
      ],
      [
        0.0,
        0.0,
        0.01,
        0.0
      ]
    ]
  },
  "keypoint_order": [
    "Center",
    "LDB",
    "LDF",
    "LUB",
    "LUF",
    "RDB",
    "RDF",
    "RUB",
    "RUF"
  ],
  "objects": [
    {
      "label": "mustard_bottle",
      "prim_path": "/World/Labeled/mustard_bottle_05",
      "visibility": 1.0,
      "local_to_world_transform": [
        [
          -0.159120112657547,
          -0.9862961173057556,
          -0.04359709471464157,
          0.0
        ],
        [
          -0.429395854473114,
          0.10890385508537292,
          -0.8965261578559875,
          0.0
        ],
        [
          0.888988196849823,
          -0.12393493205308914,
          -0.4408402740955353,
          0.0
        ],
        [
          -2.4293227195739746,
          1.1053415536880493,
          0.8353648781776428,
          1.0
        ]
      ],
      "location_world_frame": [
        -2.4293227195739746,
        1.1053415536880493,
        0.8353648781776428
      ],
      "rotation_matrix_world_frame": [
        [
          -0.159120112657547,
          -0.9862961173057556,
          -0.04359709471464157
        ],
        [
          -0.429395854473114,
          0.10890385508537292,
          -0.8965261578559875
        ],
        [
          0.888988196849823,
          -0.12393493205308914,
          -0.4408402740955353
        ]
      ],
      "quat_wxyz_world_frame": [
        0.35670137161251125,
        -0.5414832171364866,
        0.6536176709175073,
        -0.39031269171479266
      ],
      "location_camera_frame": [
        -2.423242814418634,
        0.47039358865211245,
        -0.026055173960761107
      ],
      "rotation_matrix_camera_frame": [
        [
          0.3053573372066325,
          -0.5995780910622324,
          -0.7397722641603747
        ],
        [
          -0.9395965932871005,
          -0.31588273707663794,
          -0.1318193775436779
        ],
        [
          -0.15464528032402403,
          0.7353394843084449,
          -0.6598186527639497
        ]
      ],
      "quat_wxyz_camera_frame": [
        -0.28707835512135266,
        0.7551587130818542,
        -0.509553376867051,
        -0.29610250286135936
      ],
      "size": [
        0.09602427230544491,
        0.19130113733568488,
        0.058249236000825
      ],
      "cuboid_keypoints_world_frame": [
        [
          -2.4293225625170214,
          1.1053420397114757,
          0.8353642470162006
        ],
        [
          -2.4065023494295374,
          1.145889066263786,
          0.9360499778815496
        ],
        [
          -2.3547194669028144,
          1.13866995126293,
          0.9103713690907584
        ],
        [
          -2.488646264703048,
          1.1667224975880552,
          0.7645435043461388
        ],
        [
          -2.436863382176325,
          1.1595033825871992,
          0.7388648955553476
        ],
        [
          -2.4217817428577177,
          1.0511806968357522,
          0.9318635984770536
        ],
        [
          -2.3699988603309947,
          1.0439615818348962,
          0.9061849896862624
        ],
        [
          -2.5039256581312284,
          1.0720141281600215,
          0.7603571249416428
        ],
        [
          -2.4521427756045053,
          1.0647950131591655,
          0.7346785161508516
        ]
      ],
      "cuboid_keypoints_camera_frame": [
        [
          -0.7793744058222158,
          0.7215834889926916,
          -1.9321533259350478
        ],
        [
          -0.8149741233215635,
          0.8263013114252664,
          -1.940476646572133
        ],
        [
          -0.7713144443110678,
          0.8280050520436235,
          -1.9019551825525984
        ],
        [
          -0.7372503415539009,
          0.6715296418809181,
          -2.0217223799736175
        ],
        [
          -0.6935906625434047,
          0.6732333824992752,
          -1.9832009159540829
        ],
        [
          -0.8651581491010265,
          0.769933595486108,
          -1.8811057359160133
        ],
        [
          -0.8214984700905303,
          0.7716373361044648,
          -1.8425842718964784
        ],
        [
          -0.7874343673333637,
          0.6151619259417594,
          -1.9623514693174977
        ],
        [
          -0.7437746883228677,
          0.6168656665601164,
          -1.923830005297963
        ]
      ],
      "cuboid_keypoints_projected": [
        [
          24,
          -34
        ],
        [
          12,
          -72
        ],
        [
          23,
          -79
        ],
        [
          53,
          -3
        ],
        [
          64,
          -9
        ],
        [
          -17,
          -60
        ],
        [
          -7,
          -67
        ],
        [
          26,
          10
        ],
        [
          37,
          5
        ]
      ],
      "truncation_ratio": 0.9112220835067277
    }
  ]
}