{
  "camera_data": {
    "aperture": [
      20.954999923706055,
      15.290800094604492
    ],
    "aperture_offset": [
      0.0,
      0.0
    ],
    "focal_length": 24.0,
    "resolution": [
      640,
      480
    ],
    "meters_per_scene_unit": 1.0,
    "intrinsics": {
      "fx": 732.9992868491247,
      "fy": 732.9992868491247,
      "cx": 320.0,
      "cy": 240.0
    },
    "camera_view_matrix": [
      [
        0.93165,
        -0.1323,
        0.33842,
        -0.0
      ],
      [
        -0.1323,
        0.74394,
        0.65502,
        0.0
      ],
      [
        -0.33842,
        -0.65502,
        0.67558,
        0.0
      ],
      [
        1.51593,
        -0.46588,
        -0.18045,
        1.0
      ]
    ],
    "camera_projection_matrix": [
      [
        2.29062,
        0.0,
        0.0,
        0.0
      ],
      [
        0.0,
        3.05416,
        0.0,
        0.0
      ],
      [
        0.0,
        0.0,
        0.0,
        -1.0
      ],
      [
        0.0,
        0.0,
        0.01,
        0.0
      ]
    ]
  },
  "keypoint_order": [
    "Center",
    "LDB",
    "LDF",
    "LUB",
    "LUF",
    "RDB",
    "RDF",
    "RUB",
    "RUF"
  ],
  "objects": [
    {
      "label": "mustard_bottle",
      "prim_path": "/World/Labeled/mustard_bottle",
      "visibility": 1.0,
      "local_to_world_transform": [
        [
          0.7047728300094604,
          0.4258873760700226,
          -0.5673757195472717,
          0.0
        ],
        [
          0.23460587859153748,
          0.6148494482040405,
          0.7529410719871521,
          0.0
        ],
        [
          0.669518768787384,
          -0.6637620329856873,
          0.3334134817123413,
          0.0
        ],
        [
          -2.203944206237793,
          -0.14656172692775726,
          -0.8420773148536682,
          1.0
        ]
      ],
      "location_world_frame": [
        -2.203944206237793,
        -0.14656172692775726,
        -0.8420773148536682
      ],
      "rotation_matrix_world_frame": [
        [
          0.7047728300094604,
          0.4258873760700226,
          -0.5673757195472717
        ],
        [
          0.23460587859153748,
          0.6148494482040405,
          0.7529410719871521
        ],
        [
          0.669518768787384,
          -0.6637620329856873,
          0.3334134817123413
        ]
      ],
      "quat_wxyz_world_frame": [
        0.8144071092258396,
        0.4348878779998104,
        0.3796916999375469,
        0.05871802968228193
      ],
      "location_camera_frame": [
        -1.3656729387168864,
        0.33238453113134747,
        -2.113129961726122
      ],
      "rotation_matrix_camera_frame": [
        [
          0.8521425809078622,
          0.09080251345998087,
          -0.5153716739522143
        ],
        [
          0.5198433258049842,
          -0.033714778879442846,
          0.8535960664586789
        ],
        [
          0.060133022271678355,
          -0.995298023066646,
          -0.07593291656754908
        ]
      ],
      "quat_wxyz_camera_frame": [
        0.6600179668109537,
        0.7003196156479665,
        0.21798826792891646,
        -0.162511028766574
      ],
      "size": [
        0.09602427690198224,
        0.19130099089267927,
        0.058248994486830824
      ],
      "cuboid_keypoints_world_frame": [
        [
          -2.2039442568215524,
          -0.1465617584289376,
          -0.8420765609068077
        ],
        [
          -2.279721473275096,
          -0.20648843892231739,
          -0.8965653258616086
        ],
        [
          -2.2407226766982333,
          -0.24515191141426484,
          -0.8771443250540685
        ],
        [
          -2.2348411368636327,
          -0.08886713188830342,
          -0.752526954736112
        ],
        [
          -2.19584234028677,
          -0.12753060438025088,
          -0.7331059539285718
        ],
        [
          -2.2120461733563346,
          -0.1655929124776243,
          -0.9510471678850436
        ],
        [
          -2.173047376779472,
          -0.20425638496957177,
          -0.9316261670775035
        ],
        [
          -2.1671658369448714,
          -0.04797160544361034,
          -0.807008796759547
        ],
        [
          -2.128167040368009,
          -0.0866350779355578,
          -0.7875877959520068
        ]
      ],
      "cuboid_keypoints_camera_frame": [
        [
          -0.23300057064900837,
          0.268238285168775,
          -1.5912131173206425
        ],
        [
          -0.27722992763456045,
          0.26937319117498504,
          -1.6929229744816081
        ],
        [
          -0.24235421957186332,
          0.22272938900683203,
          -1.6919298892036463
        ],
        [
          -0.2997239913474139,
          0.2565898427083655,
          -1.5033796498274667
        ],
        [
          -0.264848283284717,
          0.20994604054021238,
          -1.502386564549505
        ],
        [
          -0.2011528580132993,
          0.32653052979733765,
          -1.6800396700917801
        ],
        [
          -0.16627714995060283,
          0.27988672762918454,
          -1.6790465848138183
        ],
        [
          -0.2236469217261532,
          0.3137471813307181,
          -1.4904963454376388
        ],
        [
          -0.1887712136634565,
          0.267103379162565,
          -1.4895032601596767
        ]
      ],
      "cuboid_keypoints_projected": [
        [
          213,
          116
        ],
        [
          200,
          123
        ],
        [
          215,
          144
        ],
        [
          174,
          115
        ],
        [
          191,
          138
        ],
        [
          232,
          98
        ],
        [
          247,
          118
        ],
        [
          210,
          86
        ],
        [
          227,
          109
        ]
      ],
      "truncation_ratio": 0.0
    }
  ]
}