{
  "camera_data": {
    "aperture": [
      20.954999923706055,
      15.290800094604492
    ],
    "aperture_offset": [
      0.0,
      0.0
    ],
    "focal_length": 24.0,
    "resolution": [
      640,
      480
    ],
    "meters_per_scene_unit": 1.0,
    "intrinsics": {
      "fx": 732.9992868491247,
      "fy": 732.9992868491247,
      "cx": 320.0,
      "cy": 240.0
    },
    "camera_view_matrix": [
      [
        0.23177,
        0.67914,
        0.69645,
        0.0
      ],
      [
        0.67914,
        0.39961,
        -0.61569,
        0.0
      ],
      [
        -0.69645,
        0.61569,
        -0.36862,
        0.0
      ],
      [
        -0.82986,
        -0.23641,
        1.64689,
        1.0
      ]
    ],
    "camera_projection_matrix": [
      [
        2.29062,
        0.0,
        0.0,
        0.0
      ],
      [
        0.0,
        3.05416,
        0.0,
        0.0
      ],
      [
        0.0,
        0.0,
        0.0,
        -1.0
      ],
      [
        0.0,
        0.0,
        0.01,
        0.0
      ]
    ]
  },
  "keypoint_order": [
    "Center",
    "LDB",
    "LDF",
    "LUB",
    "LUF",
    "RDB",
    "RDF",
    "RUB",
    "RUF"
  ],
  "objects": [
    {
      "label": "pudding_box",
      "prim_path": "/World/Labeled/pudding_box_02",
      "visibility": 1.0,
      "local_to_world_transform": [
        [
          0.8291447758674622,
          -0.4720958471298218,
          0.29940691590309143,
          0.0
        ],
        [
          0.24036690592765808,
          0.7846083641052246,
          0.5715010762214661,
          0.0
        ],
        [
          -0.5047204494476318,
          -0.4018895924091339,
          0.7640300989151001,
          0.0
        ],
        [
          -1.4833333492279053,
          2.437836170196533,
          0.607927680015564,
          1.0
        ]
      ],
      "location_world_frame": [
        -1.4833333492279053,
        2.437836170196533,
        0.607927680015564
      ],
      "rotation_matrix_world_frame": [
        [
          0.8291447758674622,
          -0.4720958471298218,
          0.29940691590309143
        ],
        [
          0.24036690592765808,
          0.7846083641052246,
          0.5715010762214661
        ],
        [
          -0.5047204494476318,
          -0.4018895924091339,
          0.7640300989151001
        ]
      ],
      "quat_wxyz_world_frame": [
        0.9189373239731685,
        0.2648142185315937,
        -0.21876556400371158,
        -0.1938278934484697
      ],
      "location_camera_frame": [
        -3.059451228933404,
        1.9822532400458504,
        1.482626815154787
      ],
      "rotation_matrix_camera_frame": [
        [
          0.0039012690638818032,
          0.1435449979878813,
          0.9896360912823069
        ],
        [
          0.9699128329082203,
          0.24035895546249633,
          -0.038687154105516625
        ],
        [
          -0.24342127590619772,
          0.9600116793401617,
          -0.13828841021505084
        ]
      ],
      "quat_wxyz_camera_frame": [
        -0.5258259721096871,
        0.4748238408003204,
        0.586247839968717,
        0.3928903630716183
      ],
      "size": [
        0.11365437830920373,
        0.08981704771521917,
        0.03847147452395532
      ],
      "cuboid_keypoints_world_frame": [
        [
          -1.4833338600994264,
          2.4378361683554495,
          0.6079278974099731
        ],
        [
          -1.531537678493791,
          2.4371590871443285,
          0.5505514923860417
        ],
        [
          -1.5509550187696384,
          2.4216978016393127,
          0.5799448574217951
        ],
        [
          -1.5099486327782046,
          2.5076302935532393,
          0.6018820314776647
        ],
        [
          -1.5293659730540519,
          2.4921690080482235,
          0.6312753965134181
        ],
        [
          -1.4373017471448009,
          2.383503328662675,
          0.5845803983065281
        ],
        [
          -1.4567190874206482,
          2.368042043157659,
          0.6139737633422815
        ],
        [
          -1.4157127014292143,
          2.453974535071586,
          0.6359109373981511
        ],
        [
          -1.4351300417050616,
          2.43851324956657,
          0.6653043024339045
        ]
      ],
      "cuboid_keypoints_camera_frame": [
        [
          0.05858978430350492,
          0.10468202399459481,
          -1.1112284600108115
        ],
        [
          0.08691766951261448,
          0.0363480717369864,
          -1.1232334709923963
        ],
        [
          0.05144575444059363,
          0.03507962770712314,
          -1.138072226056321
        ],
        [
          0.1040320528909412,
          0.11077504745556443,
          -1.1705074092463592
        ],
        [
          0.06856013781892045,
          0.1095066034257014,
          -1.1853461643102838
        ],
        [
          0.04861943078808917,
          0.0998574445634881,
          -1.0371107557113386
        ],
        [
          0.013147515716068314,
          0.09858900053362496,
          -1.0519495107752637
        ],
        [
          0.06573381416641588,
          0.17428442028206614,
          -1.0843846939653015
        ],
        [
          0.03026189909439514,
          0.1730159762522031,
          -1.0992234490292263
        ]
      ],
      "cuboid_keypoints_projected": [
        [
          359,
          171
        ],
        [
          377,
          216
        ],
        [
          353,
          217
        ],
        [
          385,
          171
        ],
        [
          362,
          172
        ],
        [
          354,
          169
        ],
        [
          329,
          171
        ],
        [
          364,
          122
        ],
        [
          340,
          125
        ]
      ],
      "truncation_ratio": 0.0
    }
  ]
}