{
  "camera_data": {
    "aperture": [
      20.954999923706055,
      15.290800094604492
    ],
    "aperture_offset": [
      0.0,
      0.0
    ],
    "focal_length": 24.0,
    "resolution": [
      512,
      512
    ],
    "meters_per_scene_unit": 1.0,
    "intrinsics": {
      "fx": 586.3994294792998,
      "fy": 586.3994294792998,
      "cx": 256.0,
      "cy": 256.0
    },
    "camera_view_matrix": [
      [
        -0.70711,
        -0.40825,
        0.57735,
        -0.0
      ],
      [
        0.70711,
        -0.40825,
        0.57735,
        0.0
      ],
      [
        0.0,
        0.8165,
        0.57735,
        -0.0
      ],
      [
        -0.0,
        -0.0,
        -8.66025,
        1.0
      ]
    ],
    "camera_projection_matrix": [
      [
        2.29062,
        0.0,
        0.0,
        0.0
      ],
      [
        0.0,
        2.29062,
        0.0,
        0.0
      ],
      [
        0.0,
        0.0,
        0.0,
        -1.0
      ],
      [
        0.0,
        0.0,
        1.0,
        0.0
      ]
    ]
  },
  "keypoint_order": [
    "Center",
    "LDB",
    "LDF",
    "LUB",
    "LUF",
    "RDB",
    "RDF",
    "RUB",
    "RUF"
  ],
  "objects": [
    {
      "label": "my_cube",
      "prim_path": "/World/Cube",
      "visibility": 1.0,
      "local_to_world_transform": [
        [
          1.0,
          0.0,
          0.0,
          0.0
        ],
        [
          0.0,
          1.0,
          0.0,
          0.0
        ],
        [
          0.0,
          0.0,
          1.0,
          0.0
        ],
        [
          0.0,
          0.0,
          0.0,
          1.0
        ]
      ],
      "location_world_frame": [
        0.0,
        0.0,
        0.0
      ],
      "rotation_matrix_world_frame": [
        [
          1.0,
          0.0,
          0.0
        ],
        [
          0.0,
          1.0,
          0.0
        ],
        [
          0.0,
          0.0,
          1.0
        ]
      ],
      "quat_wxyz_world_frame": [
        1.0,
        0.0,
        0.0,
        0.0
      ],
      "location_camera_frame": [
        -3.829503643953455e-15,
        -9.744164142233555e-08,
        -8.660254037844384
      ],
      "rotation_matrix_camera_frame": [
        [
          -0.7071067811865474,
          -0.4082482839677534,
          0.577350273783069
        ],
        [
          0.7071067811865477,
          -0.4082482839677536,
          0.5773502737830686
        ],
        [
          3.608224830031758e-16,
          0.8164965874238352,
          0.5773502600027395
        ]
      ],
      "quat_wxyz_camera_frame": [
        -0.3398511419902979,
        0.17591989851809448,
        0.4247082048936819,
        0.8204732361809618
      ],
      "size": [
        1.0,
        1.0,
        1.0
      ],
      "cuboid_keypoints_world_frame": [
        [
          0.0,
          0.0,
          0.0
        ],
        [
          -0.5,
          -0.5,
          -0.5
        ],
        [
          -0.5,
          -0.5,
          0.5
        ],
        [
          -0.5,
          0.5,
          -0.5
        ],
        [
          -0.5,
          0.5,
          0.5
        ],
        [
          0.5,
          -0.5,
          -0.5
        ],
        [
          0.5,
          -0.5,
          0.5
        ],
        [
          0.5,
          0.5,
          -0.5
        ],
        [
          0.5,
          0.5,
          0.5
        ]
      ],
      "cuboid_keypoints_camera_frame": [
        [
          -3.829503643953455e-15,
          -9.744164142233555e-08,
          -8.660254037844384
        ],
        [
          -4.163336342344337e-15,
          -1.0718580553681356e-07,
          -9.526279441628823
        ],
        [
          -3.83026943495679e-15,
          0.8164964802380297,
          -8.948929181626083
        ],
        [
          0.7071067811865435,
          -0.40824839115355915,
          -8.948929167845755
        ],
        [
          0.7071067811865439,
          0.40824819627027614,
          -8.371578907843015
        ],
        [
          -0.7071067811865515,
          -0.408248391153559,
          -8.948929167845753
        ],
        [
          -0.7071067811865512,
          0.4082481962702763,
          -8.371578907843013
        ],
        [
          -3.83026943495679e-15,
          -0.8164966751213125,
          -8.371578894062685
        ],
        [
          -3.497202527569243e-15,
          -8.76974773078576e-08,
          -7.794228634059945
        ]
      ],
      "cuboid_keypoints_projected": [
        [
          256,
          256
        ],
        [
          256,
          256
        ],
        [
          256,
          202
        ],
        [
          302,
          283
        ],
        [
          306,
          227
        ],
        [
          210,
          283
        ],
        [
          206,
          227
        ],
        [
          256,
          313
        ],
        [
          256,
          256
        ]
      ],
      "truncation_ratio": 0.0
    }
  ]
}