{
  "camera_data": {
    "aperture": [
      20.954999923706055,
      15.290800094604492
    ],
    "aperture_offset": [
      0.0,
      0.0
    ],
    "focal_length": 24.0,
    "resolution": [
      400,
      400
    ],
    "meters_per_scene_unit": 1.0,
    "intrinsics": {
      "fx": 458.1245542807029,
      "fy": 458.1245542807029,
      "cx": 200.0,
      "cy": 200.0
    },
    "camera_view_matrix": [
      [
        0.0,
        -1.0,
        0.0,
        -0.0
      ],
      [
        1.0,
        0.0,
        0.0,
        0.0
      ],
      [
        0.0,
        0.0,
        1.0,
        -0.0
      ],
      [
        -0.0,
        -0.0,
        -5.0,
        1.0
      ]
    ],
    "camera_projection_matrix": [
      [
        2.29062,
        0.0,
        0.0,
        0.0
      ],
      [
        0.0,
        2.29062,
        0.0,
        0.0
      ],
      [
        0.0,
        0.0,
        0.0,
        -1.0
      ],
      [
        0.0,
        0.0,
        1.0,
        0.0
      ]
    ]
  },
  "keypoint_order": [
    "Center",
    "LDB",
    "LDF",
    "LUB",
    "LUF",
    "RDB",
    "RDF",
    "RUB",
    "RUF"
  ],
  "objects": [
    {
      "label": "my_cube",
      "prim_path": "/World/Cube",
      "visibility": 1.0,
      "local_to_world_transform": [
        [
          1.0,
          0.0,
          0.0,
          0.0
        ],
        [
          0.0,
          1.0,
          0.0,
          0.0
        ],
        [
          0.0,
          0.0,
          1.0,
          0.0
        ],
        [
          0.0,
          0.0,
          0.0,
          1.0
        ]
      ],
      "location_world_frame": [
        0.0,
        0.0,
        0.0
      ],
      "rotation_matrix_world_frame": [
        [
          1.0,
          0.0,
          0.0
        ],
        [
          0.0,
          1.0,
          0.0
        ],
        [
          0.0,
          0.0,
          1.0
        ]
      ],
      "quat_wxyz_world_frame": [
        1.0,
        0.0,
        0.0,
        0.0
      ],
      "location_camera_frame": [
        -3.6429206204906336e-16,
        -9.999999873467052e-07,
        -4.9999999999999
      ],
      "rotation_matrix_camera_frame": [
        [
          1.5612512740959094e-16,
          -0.9999999999999799,
          1.9999999746934102e-07
        ],
        [
          1.0,
          2.87964097012143e-16,
          7.285832834721554e-17
        ],
        [
          7.285841240981268e-17,
          1.9999999746934102e-07,
          0.9999999999999798
        ]
      ],
      "quat_wxyz_camera_frame": [
        0.7071067811865441,
        -7.071067728649044e-08,
        -7.071067722761194e-08,
        -0.7071067811865438
      ],
      "size": [
        1.0,
        1.0,
        1.0
      ],
      "cuboid_keypoints_world_frame": [
        [
          0.0,
          0.0,
          0.0
        ],
        [
          -0.5,
          -0.5,
          -0.5
        ],
        [
          -0.5,
          -0.5,
          0.5
        ],
        [
          -0.5,
          0.5,
          -0.5
        ],
        [
          -0.5,
          0.5,
          0.5
        ],
        [
          0.5,
          -0.5,
          -0.5
        ],
        [
          0.5,
          -0.5,
          0.5
        ],
        [
          0.5,
          0.5,
          -0.5
        ],
        [
          0.5,
          0.5,
          0.5
        ]
      ],
      "cuboid_keypoints_camera_frame": [
        [
          -3.6429206204906336e-16,
          -9.999999873467052e-07,
          -4.9999999999999
        ],
        [
          -0.5000000000000004,
          0.49999890000000374,
          -5.500000099999888
        ],
        [
          -0.5000000000000003,
          0.49999910000000125,
          -4.500000099999909
        ],
        [
          0.4999999999999995,
          0.499998900000004,
          -5.500000099999888
        ],
        [
          0.49999999999999956,
          0.49999910000000153,
          -4.500000099999909
        ],
        [
          -0.5000000000000003,
          -0.5000010999999762,
          -5.4999998999998905
        ],
        [
          -0.5000000000000002,
          -0.5000008999999788,
          -4.499999899999911
        ],
        [
          0.49999999999999967,
          -0.5000010999999759,
          -5.4999998999998905
        ],
        [
          0.4999999999999997,
          -0.5000008999999784,
          -4.499999899999911
        ]
      ],
      "cuboid_keypoints_projected": [
        [
          200,
          200
        ],
        [
          158,
          158
        ],
        [
          149,
          149
        ],
        [
          242,
          158
        ],
        [
          251,
          149
        ],
        [
          158,
          242
        ],
        [
          149,
          251
        ],
        [
          242,
          242
        ],
        [
          251,
          251
        ]
      ],
      "truncation_ratio": 0.0
    }
  ]
}